link,text,user,likes,quotes,retweets,comments
/hour4400/status/1815416616575762702,"ุงููู ุฃูุจุฑ..
ุฌุงุงุก ูู ุงุฎุฑ ุงูุฏููุง ููุฏูู .!!
 ูุฏุฎู ุน ุงูู ุณุงุฆุญ ูู ููุฏุง ูุณูู ุงูุงุฑุงุถู ุงูููุณุทูููุฉ ุงููุญุชูุฉ ูุงูููู ู ูุณุชูุทูุฉ ""ูุชูู ูุนุณุฑุงู"" ู ุบูุงู ุบุฒุฉ ูุงุฌู ููุงุจ ุจูู ุตูููู ู ุนูููุฉ ุทุนู ููู ูุตุฑุฎ ุฃููู ููุชููู ุงูุฃุจุฑูุงุก ู #ุบุฒุฉ ..!! #ุบุฒุฉ_ุงููุงุถุญุฉ",ุจุณููุฉ ุญููููุฑ,51,0,13,3
/AbwwsymZ/status/1815398150053478538,"ุงูููุตููุฉ ุงูููุฏูุฉ  ุชุฑุณู ุจุฑููุฉ ุดูุฑ ุงูู ุตุงุญุจ  ุฃุนูู ูุนุฏู ููุฑุงู ูุญูุฏ ุงููู ....
ูุณูู ูุณุงูุฑ ุงูู ููุฏุง  ูู ุชุงุฑูุฎ  24/07/2024  ู ูู ุงูุชูุงููู ูุฏููุนุฉ  ุงูุงุฌุฑ....
ูุงูู ุฎูู ูู ููุถุงุก ",ุงุจููุณูู ,324,0,14,92
/Bybit_Official/status/1813453100449186129/analytics," Are You Ready To Become The #Bybit Legend? Welcome To The Crypto Games 2024! 

Compete in Web3 Quest Marathon, Memecoin Medley & More to win from a $3,000,000 USDT Prize Pool!

Hurry! Only till 23 Aug, 2024!

Click Learn More to Join Now!",Bybit,679,0,56,20
/darbat22/status/1812884245473341938,"ูุง ูุง ููุณุช ุณููุณุฑุง ููุง ููููุฏุง ููุง ููุฏุง
ูุงุฐู ุธูุงุฑ ุฌููุจ ุณูุทูุฉ ุนูุงู 

#ุธูุงุฑ_ุงูุบุงููุฉ
15/7/2024",๏ฎผุงูููุฑูุุงูุนููุฏุฉ/ๅชๅฐไฝๆณๅฐ,71,0,6,7
/ibrahimallami1/status/1815580379207582199,ุงูุฏูุงุน ูุงุณุน ูุญุฑุงุฆู ุงูุบุงุจุงุช ูู ุฃูุญุงุก ุบุฑุจ ุงูููุงูุงุช ุงููุชุญุฏุฉ ูุฌููุจ ุบุฑุจ ููุฏุง.ูุชูุธูุฑ ุตูุฑ ุงูุฃููุงุฑ ุงูุตูุงุนูุฉ ุงูุถุจุงุจ ุงูุฏุฎุงูู ููู ููุงุทู ูุงุณุนุฉ . ููุฏ ุชุฌุงูุฒุช ูุณุงุญุฉ ุงูุญุฑุงุฆู ูู ููุงูุฉ ุฃูุฑูุฌูู 100000 ูุฏุงู.,ุงุจุฑุงููู ุงููุงูู,2,0,2,
/Emoz1213/status/1814004638418600373,"#ุญูููู_ูุงูููู_ุงููุงุฑูุง 

#ุงูููุณูู ูุญุชุงุฌู ููุงุฌุฃู ุณุงุฑู ุฌุฏุง 

ุงููู ูุฑูู 

#ุฅููุงู_ุจูุช_ุจุดุฑ 

#ุฅููุงู_ูู_ููุฏุง",ุฅููุงู ุจูุช ุจุดุฑ,5,0,,2
/tandfonline/status/1808745496040910967/analytics,"Advance your research in Earth and Sustainable studies with our exclusive, free-to-access collection, featuring peer-reviewed articles, Editor interviews and more.",Taylor & Francis Research Insights,121,0,18,7
/bas_irra/status/1815812151375757611,"#ูุถูุญุฉ ุงูุจุนุซูุฉ #ุงููุงูููุฉ ุฑูุง ุดุจูุจ ุงูุชู ุชุณูู ูู ููุฏุง ูุงูุชู #ุงูุชุญูุช ุงุณู ""ุญูุฑุงุก"" ุจุงูุงุชูุงู ูุน ููุงุฉ ูููู #ุงูุงูู ุงูุณุงุจู ุงุณูุงุนูู ูุตุจุญ #ูุงุชูุงู ุงูุจุทู #ุงุจูุนุฒุงุฆูู ุจูุญุงููุฉ #ุงุบุชุตุงุจูุง ",๎จูู ููุฑุณ.ูู ููุงุฌู ูุฑ,183,0,37,8
/HamadCitizen/status/1815693401418793089,"ุชุฎูู ุงููุฏุฑุณุฉ ุงูู ูุฏุฑุณ ูููุง ููุฏู ููุฑุฑูู ุจุฏูู ูุง ูุณุชุฃุฐููู ููู ุฅููู ูุญูููู ุฌูุณ ููุฏู ูู ุฐูุฑ ุฅูู ุฃูุซูุ!!

ุฑุบู ุฃู ููุฏู ูุง ูุดููุง ูู ูุฌูุฏ ุฃู ุฅุถุทุฑุงุจ ูู ุงููููุฉ ุงูุฌูุณูุฉ ูุชุฏูุน ุบุฑุงูู ููุญุงูููู ูุณุฌูููู!!!

ูุนู .. ุญุตู ูุฐุง ูู ููุฏุง

ุดุงูุฏ ูุฐุง ุงูููุทุน ุงููุตูุฑ ุงููุณุชูุฒ ูู ูููู ""what is women"".",Hamad Citizen ,3,0,,
/f_hikmat/status/1813413201050013736,"ูุง ูุฏุฑุฉ ุชุณุชุทูุน ุชุญุฏู ูุฏุฑุฉ ุงูุทุจูุนุฉโฆโฆ
ููุง ูุฏ ุชุนููุง ููู ูุฏ ุงูููโฆโฆ.
ูุจูุงู ููุณ ุงุณุชุซูุงุกโฆโฆ.
ูุฐู ููุฏุง ุฑุบู ูู ุงููุงููุงุชูุง!!!!!!",Hikmat Fatairy,22,0,1,
/LUzMV7JE5YLGNbX/status/1812733654059118995," ููุฏูุฉ ุชุชุญุฏุซ ุจูุบุฉ ุงูููุฑ ุจุทูุงูุฉ ูู ุงุญุชูุงู ุงูุฑู ููุฑ ุจุฃูุฑููุง  .
ููุฏุง ุงูุญุจ ",ูุจุงุฑู ุฏูุชูุฑ - Mubarak Doctor,2,0,,
/naderelbariedy/status/1812811974792950067,"Watch The Full Video In YouTube 
https://youtu.be/hO60NhrEb1g?si=HIhz3EqWBRgUQSbxโฆ

Or

Type... Nader EL Bariedy 

Learn More About Canada Townhouses Open House
ุชุงูู ูุงูุณ ูู ููุฏุง ุชุนุฑู ุนูู ุนูุงุฑุงุช ููุฏุง ูุน ูุงุฏุฑ ุงูุจุฑูุฏู

One More Interview With My Friend Shwoing To My Clients How It's Looks The Townhouses InC",naderelbariedy,,0,,
/Bybit_Official/status/1815957075047989645/analytics," Volatility is your friend
... IF you're using Double Win! 

Start winning today. Click to Learn More.

#BybitTechnology #Bybit",Bybit,23,0,6,
/react_native_eu/status/1810301811418653046/analytics,"Join us at React Universe Conf 2024 
What's in store this year?

 Exclusive tech reveals
 Future-proof insights
 Onsite workshops with tech legends

 Get your ticket at: https://hubs.li/Q02FlNln0?twclid=2-7eh5y28831cnkj3fic26fh37z
 September 5-6 in Wrocลaw, Poland",React Universe Conf,730,0,93,53
/Mohamme22059510/status/1812752553551008077,"ุงูุชูุฏูู ููุงููุง ุงูู ุญูู ุงูููุฑู
ุจูุถู ุฒููุงุฆู ูุจุงูุงุณุงุณ ูู ุณุงูู ูู 6 ุงูุฏุงู ูู ุงุตู 9 ุณุฌููุง ุงูููุชุฎุจ ุงูุจุฑุชุบุงูู 

ูุงูููู ูุนุชุจุฑูู ูุงุนุจูู ุณูุง ุงูุงุนุฌุงุฒ
ููู ูุณุฌู ูุฏู ูุตูุน ูุฏู ููููุง ุถุฏ ููุฏุง 

ูุงุจุฏ ุชุณุชูุนุจูู ุฅู ูุฑููู ููุฑูุณุชูุงูู
ูุฌุนููู ุฃุบุจูุงุก ููุชูุงูุถูู ููุท ูุฃูู ุฃูุฌุนูู ุทููุฉ ุชุดุฌูุนูู ูุฃูุฏูุชูู",ุงูููููุจ | ALMUHEEB,,0,,
/Boycott4Pal/status/1812765118641344733,"ูุฏุนููู ุงูุฅุจุงุฏุฉ.. ููุดุทุงุก ูุณุชูุฏููู ุจูู ""ููููู"" ูู ูููููุฑูุ ูุงุญุชุฌุงุฌ  ุฃูุงู ""ุณููุชูุง ุจูู ุฃุฑููุง"" ูู ููุฏุง

ุงุณุชูุฏู ููุดุทุงุก ูุคูุฏูู ูููุณุทูู ููุงุชุจ ุจูู ""ููููู"" ูู ูููููุฑู ุฑุฏูุง ุนูู ุฏุนูู ุงูุฅุจุงุฏุฉ ุงูุฌูุงุนูุฉ ุงููุณุชูุฑุฉ ูู ุบุฒุฉุ ููุง ุงุนุชุตู ุงูุงูุขู ุฃูุงู ""ุณููุชูุง ุจูู"" ูู ููุฏุง ูููุทุงูุจุฉ ุจุญุธุฑ ููู ุงูุฃุณูุญุฉ",ููุงุทุนุฉ,3,0,1,
/MOsTPha_/status/1812762947250266118,ูู ูุดููุชูุด ุงููุฐูุน ุงูุจุฑุดูููู ููู ุจูุชููุฑ ุนูู ุฑูุจุฉ ุงููููุง ู ุนูู ุงุฏุงุก ุงููุฒู ูุดุนุฑ ุงูููุง ุจุชุงุน ููุชุฎุจ ููุฏุง ููุง ุงู ุฑููุงูุฏู ุงููุณ ูุจูู ูุงูุชููุง ูุต ุนูุฑููุง ููููู ุจุฌุฏ ูุงููู ,Mostafa Ahmed,4,0,,
/Alqbani1/status/1812655895123255559,"#ุงูุงุฑุฌูุชูู_ูููููุจูุง

ูุงุฐุง ูู ุญุฏุซ ูุซู ูุฐุง ูู ูุทุฑ ุงู ุงูุณุนูุฏูุฉ !! 

ููุง ุดููุง ูุฌูู ูุณุจ ููู ูุถุญ ููุง ูู ุฎูุงู ุงูููุฑู ูููุจุง ุงูุฑููุง ุงู ูุงุนููุชู ูุทุฑ ุดูุก ููุฎุฑ ููู ูุบุตุฉ ูู ุญูู ูู ูู ุดูู ูู ุงูุชูุธูู ..ุ

ุงููุตูุจุฉ ุงู ุจุนุฏ ุณูุชูู ูุฃุณ ุงูุนุงูู ุณูู ุชูุธู ูู ุงูุฑููุง ูุดุชุฑูุฉ ูุน ููุฏุง ูุงูููุณูู ",๐๐๐๐๐๐๐,,0,,
/ielts_tofel38/status/1812625826329866551,"ุฏุฑุฌุฉ #ุงูุงููุชุณ ุงููุทููุจุฉ ูููุฌุฑุฉ ุฅูู ููุฏุงุ

ูู 4.5 ุฏุฑุฌุฉ ุจุฑูุทุงููุง ุงูุญุฏ ุงูุฃุฏูู ูุฏุฑุฌุฉ ุงูุขููุชุณ ุงููุทููุจุฉ ูููุฌุฑุฉ ุฅูู ุจุฑูุทุงููุง ูู ูู 4.0 ุฅูู 7.0 ุฏุฑุฌุงุช. ููุฏุง ุงูุญุฏ ุงูุฃุฏูู ูุฏุฑุฌุฉ ุงูุขููุชุณ ุงููุทููุจุฉ ูููุฌุฑุฉ ุฅูู ููุฏุง ุถูู ุจุฑูุงูุฌ ุงูุฏุฎูู ุงูุณุฑูุน Express Entry
#ุงููุชุณ
#ูุญูุฏ_ุจู_ุฑุงุดุฏ 
#ุงูุงุญุชูุงุทู_ุงูุนุงู",ุจูุน ุดูุงุฏุงุช ุงููุชุณ ูุนุชูุฏุฉ,,0,,
/M0nt8d0/status/1812641679402287388,ูุชุฃูุฏ ููุฏุง ุจุชููู ุฃูุถู ูู ุฃูุฑููุง ูุงูููุณูู ุจุชูุธูู ..,ููุชูุฏ ,,0,,
